libname,memname
SASHELP,AC
SASHELP,AFCLASS
SASHELP,AFTOOLS
SASHELP,BASE
SASHELP,BFC
SASHELP,BYRUNS
SASHELP,C0C0C
SASHELP,C0G0G
SASHELP,C0O0O
SASHELP,C1515
SASHELP,C1L1L
SASHELP,CARTOG
SASHELP,CLASSES
SASHELP,CLEATTR
SASHELP,CLUSTER
SASHELP,CMP
SASHELP,CMRGEN
SASHELP,CONNECT
SASHELP,CORE
SASHELP,COREPRN
SASHELP,DATAFMT
SASHELP,DATAMRK
SASHELP,DATREPL
SASHELP,DBIIMEX
SASHELP,DEVICES
SASHELP,DGDEVICE
SASHELP,DM
SASHELP,DM2S
SASHELP,DMASSOC
SASHELP,DMAX
SASHELP,DMCLASS
SASHELP,DMCON
SASHELP,DMCS
SASHELP,DMDBTL
SASHELP,DMDEBUG
SASHELP,DMDIST
SASHELP,DMDLAPI
SASHELP,DMDWA
SASHELP,DMENS
SASHELP,DMFILTR
SASHELP,DMIGN
SASHELP,DMINDS
SASHELP,DMINE
SASHELP,DMINE16
SASHELP,DMINE24
SASHELP,DMINE32
SASHELP,DMINE48
SASHELP,DMINEUI
SASHELP,DMLINK
SASHELP,DMMBR
SASHELP,DMNEURAL
SASHELP,DMNINSG
SASHELP,DMPLOT
SASHELP,DMPRQUAL
SASHELP,DMREG
SASHELP,DMRPRT
SASHELP,DMSAS
SASHELP,DMSCORE
SASHELP,DMSOM
SASHELP,DMTARGT
SASHELP,DMTIME
SASHELP,DMTOOL
SASHELP,DMTRANS
SASHELP,DMVPRUN
SASHELP,DMWBCORE
SASHELP,DMWBTOOL
SASHELP,DMXAPI
SASHELP,DRAFT
SASHELP,DSEXPRT
SASHELP,EFI
SASHELP,EISSRV
SASHELP,EISTOOLS
SASHELP,EMAPPS
SASHELP,EMASSMT
SASHELP,EMCONVRT
SASHELP,EMCORE
SASHELP,EMCREDIT
SASHELP,EMEXPL
SASHELP,EMFUNC
SASHELP,EMIDB
SASHELP,EMMACS
SASHELP,EMMDFY
SASHELP,EMMETA
SASHELP,EMML
SASHELP,EMMODL
SASHELP,EMPFLOW
SASHELP,EMPORT
SASHELP,EMPROXY
SASHELP,EMREPRT
SASHELP,EMRPM
SASHELP,EMSAMP
SASHELP,EMSCRXPT
SASHELP,EMTEXT
SASHELP,EMTSDM
SASHELP,EMTXTEXT
SASHELP,EMTXTGUI
SASHELP,EMUTIL
SASHELP,EMVIYA
SASHELP,EMWIP
SASHELP,ETS
SASHELP,ETSMEDIT
SASHELP,ETSNASH
SASHELP,ETSSCL
SASHELP,ETSTOOL
SASHELP,EXPLORER
SASHELP,FLAGS
SASHELP,FONTS
SASHELP,FORCAST
SASHELP,FORSRVR
SASHELP,FSP
SASHELP,GI
SASHELP,GNG
SASHELP,GRAPH
SASHELP,GX
SASHELP,HOLAPMD
SASHELP,HOST
SASHELP,HPDM
SASHELP,HPF
SASHELP,HPFDFLT
SASHELP,HTMLGEN
SASHELP,HTMLNLS
SASHELP,I0404
SASHELP,I0606
SASHELP,I0808
SASHELP,IMAGAPP
SASHELP,IMAGEWD
SASHELP,IML
SASHELP,IMLMLIB
SASHELP,INVEST
SASHELP,INVSAMP
SASHELP,IOM
SASHELP,IOMSAMP
SASHELP,JAVAGRF
SASHELP,LOCALE
SASHELP,MAPFMTS
SASHELP,MARKET
SASHELP,MB
SASHELP,MDCLASS
SASHELP,MDCLH
SASHELP,MDDB
SASHELP,MDLFCTRY
SASHELP,METAAPI
SASHELP,NEURAL
SASHELP,OBJPH
SASHELP,OBJPOOL
SASHELP,OLTUTOR
SASHELP,OMAUTIL
SASHELP,OPNMDDB
SASHELP,OR
SASHELP,ORIMAGE
SASHELP,ORIMG16
SASHELP,ORIMG24
SASHELP,PARTOOL
SASHELP,PDEVICE
SASHELP,PM
SASHELP,PRDAUTH
SASHELP,PUBLISH
SASHELP,QC
SASHELP,QSIM
SASHELP,QUERY
SASHELP,REGACT
SASHELP,REPORT
SASHELP,ROBOT
SASHELP,ROCF
SASHELP,ROCFSMP
SASHELP,RPRDATH
SASHELP,RSASMOD
SASHELP,RSCLMOD
SASHELP,SAMPLNG
SASHELP,SASDESK
SASHELP,SASMACR
SASHELP,SCHEDUL
SASHELP,SLIST
SASHELP,SPL3EX
SASHELP,SPLITS
SASHELP,SQC
SASHELP,SQL
SASHELP,STAT
SASHELP,STPSAMP
SASHELP,STPUTIL
SASHELP,TEMPLT
SASHELP,TREPORT
SASHELP,UNXGDV0
SASHELP,USRAUTH
SASHELP,VIDEO
SASHELP,WEBEIS
SASHELP,WEBPROG
SASHELP,WEBUTIL
SASHELP,WIZARD
SASHELP,XADX
WORK,SASGOPT
WORK,SASMAC1
WORK,SASMAC2
WORK,SASMAC4
